iter,acc,nmi,ari,loss
0,0.77832,0.5684,0.55669,0
